﻿{
	"configs" : [
		{
			"remarks" : "请修改ip、端口、密码这三项",
			"id" : "D75F9A134BE0C9EE4C821723B0C6FB38",
			"server" : "1111.51-ss.xyz",
			"server_port" : 1111,
			"server_udp_port" : 0,
			"password" : "1111",
			"method" : "rc4-md5",
			"protocol" : "auth_sha1_v2",
			"protocolparam" : "",
			"obfs" : "http_simple",
			"obfsparam" : "",
			"remarks_base64" : "6K-35L-u5pS5aXDjgIHnq6_lj6PjgIHlr4bnoIHov5nkuInpobk",
			"group" : "",
			"enable" : true,
			"udp_over_tcp" : false
		}
	],
	"index" : 0,
	"random" : false,
	"sysProxyMode" : 3,
	"shareOverLan" : false,
	"bypassWhiteList" : false,
	"localPort" : 1080,
	"localAuthPassword" : "hOkNimysbwWW6o8UHY7u",
	"dns_server" : "1.2.4.8 53,8.8.8.8 53",
	"reconnectTimes" : 2,
	"randomAlgorithm" : 0,
	"randomInGroup" : false,
	"TTL" : 0,
	"connect_timeout" : 5,
	"proxyRuleMode" : 2,
	"proxyEnable" : false,
	"pacDirectGoProxy" : false,
	"proxyType" : 0,
	"proxyHost" : null,
	"proxyPort" : 0,
	"proxyAuthUser" : null,
	"proxyAuthPass" : null,
	"proxyUserAgent" : null,
	"authUser" : null,
	"authPass" : null,
	"autoBan" : false,
	"sameHostForSameTarget" : false,
	"keepVisitTime" : 180,
	"isHideTips" : false,
	"token" : {

	},
	"portMap" : {

	}
}